,AÑO,SEMESTRE,N_VICTIMAS,TENDENCIA,PORCENTAJE
0,2017,S2H1,69,2.2111047448385124,-14.814814814814826
1,2019,S4H1,57,1.8265647892144234,-27.848101265822777
2,2019,S4H2,47,1.506114826194349,-17.543859649122805
3,2020,S5H1,31,0.9933948853622302,-34.04255319148937
4,2021,S6H2,42,1.345889844684312,-23.636363636363633
